{
  "confusion_matrix_knees": [
    [1800, 400],
    [200, 2007]
  ],
  "confusion_matrix_elbows": [
    [1850, 350],
    [250, 1957]
  ],
  "accuracy": 0.8717948717948718,
  "precision": 0.760026298487837,
  "recall": 0.8717948717948718,
  "f1_score": 0.8120828942746751
}
