{
    "confusion_matrix_knees": [
        [
            2022,
            1718
        ],
        [
            148,
            519
        ]
    ],
    "confusion_matrix_elbows": [
        [
            2039,
            1634
        ],
        [
            275,
            459
        ]
    ],
    "accuracy": 0.7093260721579305,
    "precision": 0.8278484203172662,
    "recall": 0.7093260721579305,
    "f1_score": 0.752059841898299
}