{
    "accuracy": 0.8410483321987747,
    "precision": 0.7616096861806122,
    "recall": 0.8727025187202179,
    "f1_score": 0.8133803191561755,
    "confusion_matrix": {
        "knees": [
            [
                3740,
                0
            ],
            [
                667,
                0
            ]
        ],
        "elbows": [
            [
                3673,
                0
            ],
            [
                734,
                0
            ]
        ]
    }
}